CITY,COUNTRY,DATE,LATITUDE,LONGITUDE,MODEL,Monthly target,ORDERS,On time deliveries,PART,Production Cost,Production Type,QA pass rate,REVENUE,Repairs Processed,Shipping Cost,Shipping container utilization,Units produced,Warehouse Code,Warehouse Name,Warranties processed,Warranty claims,_BATCH_ID_,_BATCH_LAST_RUN_
Hualien,Taiwan,2024-07-07,24.0230999,121.617996,RDX-EU,719.0,719.0,0.9,Complete Bike,13523.0,Complete Bike,0.86,22289.0,16.0,236.09,0.87,846.0,DLS,Hualien Facility,15.0,16.0,1.0,2025-05-03 13:29:46
Kashi,China,2024-07-07,39.5429001,76.0199966,MTX-5000,666.0,606.0,0.9,Rotors,246.0,Component,0.9,515.15,12.0,229.4,0.93,822.0,PVP,Kashgar Warehouse,11.0,12.0,1.0,2025-05-03 13:29:46
Loei,Thailand,2024-07-07,17.4391003,101.722,MTX-2000,815.0,782.0,0.93,Front derailleur ,236.0,Component,0.9,524.21,32.0,250.05,0.86,896.0,ETL,Loei Warehouse,16.0,16.0,1.0,2025-05-03 13:29:46
Nhatrang,Vietnam,2024-07-07,12.2275,109.192001,RDX-EU,411.0,382.0,0.91,Suspension,1426.0,Component,0.89,2293.38,42.0,141.77,0.89,508.0,JFU,Nha Trang Plant,13.0,14.0,1.0,2025-05-03 13:29:46
Yonaguni Jima,Japan,2024-07-07,24.4668999,122.977997,RDX-EU,711.0,668.0,0.91,Suspension,1659.0,Component,0.89,4010.04,52.0,215.72,0.85,773.0,WRV,Yonaguni Warehouse,12.0,13.0,1.0,2025-05-03 13:29:46
Tokyo,Japan,2024-08-06,35.7647018,140.386002,RDX-EU,724.0,702.0,0.9,Shifter-L,170.0,Component,0.94,386.25,13.0,217.12,0.82,778.0,AZJ,Narita International Facility,12.0,13.0,1.0,2025-05-03 13:29:46
Nhatrang,Vietnam,2024-08-06,12.2275,109.192001,RDX-EU,696.0,682.0,0.95,Pedals,314.0,Component,0.89,579.77,32.0,231.07,0.87,828.0,JFU,Nha Trang Plant,30.0,32.0,1.0,2025-05-03 13:29:46
Ho Chi Minh City,Vietnam,2024-08-06,10.8188,106.652,RDX-EU,659.0,652.0,0.89,Suspension,1690.0,Component,0.96,3914.46,45.0,176.93,0.94,634.0,QGX,Tan Son Nhat International Facility,14.0,15.0,1.0,2025-05-03 13:29:46
Dalian,China,2024-08-06,38.9656982,121.539001,MTX-2000,644.0,567.0,0.97,Brake Lever,219.0,Component,0.82,368.37,10.0,179.72,0.95,644.0,BAQ,Zhoushuizi Warehouse,10.0,10.0,1.0,2025-05-03 13:29:46
Bangkok,Thailand,2024-09-06,13.9125996,100.607002,RDX-USA,693.0,610.0,0.89,Complete Bike,9430.0,Complete Bike,0.9,22564.08,14.0,199.26,0.84,714.0,VYB,Don Mueang International Warehouse,13.0,14.0,1.0,2025-05-03 13:29:46
Kep,Vietnam,2024-09-06,21.3945999,106.261002,MTX-2000,821.0,813.0,0.88,Tires,524.0,Component,0.89,975.35,13.0,233.86,0.94,838.0,WMZ,Kep Plant,12.0,13.0,1.0,2025-05-03 13:29:46
Loei,Thailand,2024-09-06,17.4391003,101.722,RDX-USA,789.0,765.0,0.89,Brake Lever,283.0,Component,0.91,497.46,22.0,222.42,0.95,797.0,ETL,Loei Warehouse,11.0,11.0,1.0,2025-05-03 13:29:46
Matsumoto,Japan,2024-09-06,36.1668015,137.923004,RDX-NZ,735.0,728.0,0.93,Tires,537.0,Component,0.9,873.18,48.0,246.98,0.95,885.0,KOB,Matsumoto Facility,22.0,24.0,1.0,2025-05-03 13:29:46
Nhatrang,Vietnam,2024-09-06,12.2275,109.192001,RDX-EU,647.0,589.0,0.87,Brake Lever,154.0,Component,0.85,382.7,30.0,198.42,0.95,711.0,JFU,Nha Trang Plant,14.0,15.0,1.0,2025-05-03 13:29:46
Roi Et,Thailand,2024-09-06,16.0704002,103.646004,MTX-2000,891.0,820.0,0.96,Steering,126.0,Component,0.95,221.24,26.0,236.93,0.88,849.0,JRR,Rob Muang Warehouse,12.0,13.0,1.0,2025-05-03 13:29:46
Ho Chi Minh City,Vietnam,2024-09-06,10.8188,106.652,MTX-5000,414.0,393.0,0.88,Tires,234.0,Component,0.93,471.96,10.0,148.19,0.94,531.0,QGX,Tan Son Nhat International Facility,9.0,10.0,1.0,2025-05-03 13:29:46
Yonaguni Jima,Japan,2024-09-06,24.4668999,122.977997,RDX-EU,589.0,548.0,0.98,Seat,443.0,Component,0.84,684.71,8.0,210.7,0.95,755.0,WRV,Yonaguni Warehouse,7.0,8.0,1.0,2025-05-03 13:29:46
Dalian,China,2024-09-06,38.9656982,121.539001,MTX-5000,554.0,510.0,0.97,Rear Cassette,329.0,Component,0.88,662.58,6.0,159.35,0.83,571.0,BAQ,Zhoushuizi Warehouse,5.0,6.0,1.0,2025-05-03 13:29:46
Hualien,Taiwan,2024-10-07,24.0230999,121.617996,RDX-USA,728.0,684.0,0.89,Complete Bike,14696.0,Complete Bike,0.9,25319.84,46.0,239.16,0.96,857.0,DLS,Hualien Facility,22.0,23.0,1.0,2025-05-03 13:29:46
Kep,Vietnam,2024-10-07,21.3945999,106.261002,MTX-5000,423.0,389.0,0.88,Brake Lever,136.0,Component,0.82,252.95,16.0,149.58,0.9,536.0,WMZ,Kep Plant,7.0,8.0,1.0,2025-05-03 13:29:46
Tokyo,Japan,2024-10-07,35.7647018,140.386002,RDX-USA,642.0,584.0,0.87,Pedals,301.0,Component,0.89,496.59,88.0,221.3,0.94,793.0,AZJ,Narita International Facility,42.0,44.0,1.0,2025-05-03 13:29:46
Futema,Japan,2024-11-06,26.2742996,127.755997,MTX-3500,671.0,604.0,0.87,Complete Bike,7911.0,Complete Bike,0.84,17513.1,16.0,212.93,0.93,763.0,IBV,Futenma Plant,7.0,8.0,1.0,2025-05-03 13:29:46
Nakhon Ratchasima,Thailand,2024-11-06,14.9344997,102.079002,RDX-USA,622.0,566.0,0.93,Pedals,292.0,Component,0.85,481.12,39.0,186.7,0.83,669.0,YHK,Khorat Warehouse,35.0,39.0,1.0,2025-05-03 13:29:46
Loei,Thailand,2024-11-06,17.4391003,101.722,MTX-3500,551.0,501.0,0.87,Wheels,440.0,Component,0.89,701.97,26.0,163.53,0.84,586.0,ETL,Loei Warehouse,12.0,13.0,1.0,2025-05-03 13:29:46
Matsumoto,Japan,2024-11-06,36.1668015,137.923004,RDX-NZ,579.0,567.0,0.87,Brake Lever,162.0,Component,0.94,368.82,16.0,181.67,0.93,651.0,KOB,Matsumoto Facility,15.0,16.0,1.0,2025-05-03 13:29:46
Shanghai,China,2024-11-06,31.1434002,121.805,MTX-3500,457.0,434.0,0.89,Suspension,1440.0,Component,0.95,2604.9,24.0,148.19,0.85,531.0,JCE,Shanghai Pudong International Warehouse,6.0,6.0,1.0,2025-05-03 13:29:46
Bangkok,Thailand,2024-12-07,13.9125996,100.607002,MTX-5000,682.0,668.0,0.87,Complete Bike,17684.0,Complete Bike,0.83,30744.56,28.0,213.77,0.84,766.0,VYB,Don Mueang International Warehouse,14.0,14.0,1.0,2025-05-03 13:29:46
Hanoi,Vietnam,2024-12-07,21.2212009,105.806999,RDX-USA,693.0,686.0,0.98,Tires,530.0,Component,0.94,823.28,10.0,224.93,0.92,806.0,WUM,Noi Bai International Warehouse,9.0,10.0,1.0,2025-05-03 13:29:46
Wajima,Japan,2024-12-07,37.2930984,136.962006,RDX-EU,672.0,665.0,0.94,Shifter-L,151.0,Component,0.85,365.9,20.0,237.49,0.84,851.0,DFQ,Noto Warehouse,18.0,20.0,1.0,2025-05-03 13:29:46
Wang An,Taiwan,2024-12-07,23.3673725,119.502777,MTX-3500,584.0,572.0,0.9,Front derailleur ,226.0,Component,0.9,383.45,22.0,166.33,0.88,596.0,ZWY,Wang-an Facility,10.0,11.0,1.0,2025-05-03 13:29:46
Danang,Vietnam,2025-01-06,16.0438995,108.198997,MTX-3500,323.0,304.0,0.91,Complete Bike,3425.0,Complete Bike,0.88,7590.5,10.0,87.57,0.94,314.0,DNG,Da Nang International Warehouse,5.0,5.0,1.0,2025-05-03 13:29:46
Futema,Japan,2025-01-06,26.2742996,127.755997,MTX-3500,793.0,714.0,0.92,Complete Bike,9409.0,Complete Bike,0.9,20697.3,32.0,216.84,0.94,777.0,IBV,Futenma Plant,15.0,16.0,1.0,2025-05-03 13:29:46
Hotan,China,2025-01-06,37.0385017,79.8648987,MTX-5000,740.0,718.0,0.88,Complete Bike,15958.0,Complete Bike,0.89,33018.8,8.0,202.33,0.96,725.0,OOQ,Hotan Warehouse,7.0,8.0,1.0,2025-05-03 13:29:46
Nakhon Ratchasima,Thailand,2025-01-06,14.9344997,102.079002,RDX-EU,677.0,630.0,0.98,Tires,426.0,Component,0.87,755.53,30.0,186.98,0.84,670.0,YHK,Khorat Warehouse,14.0,15.0,1.0,2025-05-03 13:29:46
Yonaguni Jima,Japan,2025-01-06,24.4668999,122.977997,RDX-USA,456.0,433.0,0.96,Suspension,1428.0,Component,0.84,2599.2,48.0,144.56,0.91,518.0,WRV,Yonaguni Warehouse,11.0,12.0,1.0,2025-05-03 13:29:46
Bangkok,Thailand,2025-02-06,13.9125996,100.607002,RDX-USA,743.0,654.0,0.87,Complete Bike,14393.0,Complete Bike,0.88,24192.08,11.0,199.26,0.95,714.0,VYB,Don Mueang International Warehouse,11.0,11.0,1.0,2025-05-03 13:29:46
Hualien,Taiwan,2025-02-06,24.0230999,121.617996,RDX-NZ,819.0,770.0,0.91,Complete Bike,13738.0,Complete Bike,0.82,29254.68,26.0,245.86,0.9,881.0,DLS,Hualien Facility,12.0,13.0,1.0,2025-05-03 13:29:46
Nhatrang,Vietnam,2025-02-06,12.2275,109.192001,MTX-5000,671.0,597.0,0.96,Brake Lever,205.0,Component,0.93,388.17,26.0,207.91,0.91,745.0,JFU,Nha Trang Plant,13.0,13.0,1.0,2025-05-03 13:29:46
Phuquoc,Vietnam,2025-02-06,10.1698,103.9931,RDX-EU,660.0,660.0,0.93,Shifter-L,190.0,Component,0.95,363.0,26.0,191.72,0.95,687.0,UAZ,Phu Quoc International Facility,13.0,13.0,1.0,2025-05-03 13:29:46
Dalian,China,2025-02-06,38.9656982,121.539001,MTX-5000,731.0,673.0,0.95,Wheel hubs,459.0,Component,0.95,968.43,9.0,212.37,0.92,761.0,BAQ,Zhoushuizi Warehouse,8.0,9.0,1.0,2025-05-03 13:29:46
Urumqi,China,2025-02-06,43.9071007,87.4741974,RDX-USA,710.0,696.0,0.87,Steering,95.0,Component,0.9,187.8,19.0,247.53,0.84,887.0,ZBN,Ürümqi Diwopu International Warehouse,18.0,19.0,1.0,2025-05-03 13:29:46
Dalian,China,2025-03-09,38.9656982,121.539001,MTX-5000,731.0,643.0,0.93,Brake Lever,264.0,Component,0.96,418.13,40.0,229.12,0.86,821.0,BAQ,Zhoushuizi Warehouse,19.0,20.0,1.0,2025-05-03 13:29:46
Hualien,Taiwan,2025-04-06,24.0230999,121.617996,RDX-NZ,757.0,757.0,0.95,Complete Bike,13266.0,Complete Bike,0.87,28766.0,40.0,242.79,0.93,870.0,DLS,Hualien Facility,19.0,20.0,1.0,2025-05-03 13:29:46
Kashi,China,2025-04-06,39.5429001,76.0199966,MTX-2000,748.0,658.0,0.91,Pedals,224.0,Component,0.88,559.5,45.0,210.98,0.83,756.0,PVP,Kashgar Warehouse,41.0,45.0,1.0,2025-05-03 13:29:46
Wajima,Japan,2025-04-06,37.2930984,136.962006,RDX-USA,651.0,638.0,0.87,Brake Lever,254.0,Component,0.94,414.69,9.0,189.21,0.91,678.0,DFQ,Noto Warehouse,8.0,9.0,1.0,2025-05-03 13:29:46
Roi Et,Thailand,2025-04-06,16.0704002,103.646004,MTX-3500,769.0,692.0,0.89,Rear derailleur,416.0,Component,0.83,650.57,12.0,246.7,0.95,884.0,JRR,Rob Muang Warehouse,11.0,12.0,1.0,2025-05-03 13:29:46
Danang,Vietnam,2024-07-07,16.0438995,108.198997,MTX-3500,311.0,280.0,0.91,Complete Bike,3902.0,Complete Bike,0.96,6997.5,8.0,95.5,0.84,342.0,DNG,Da Nang International Warehouse,4.0,4.0,1.0,2025-05-03 13:29:46
Bangkok,Thailand,2024-07-07,13.9125996,100.607002,MTX-5000,816.0,726.0,0.89,Complete Bike,21705.0,Complete Bike,0.82,33407.04,21.0,221.02,0.96,792.0,VYB,Don Mueang International Warehouse,19.0,21.0,1.0,2025-05-03 13:29:46
Hanoi,Vietnam,2024-07-07,21.2212009,105.806999,MTX-5000,816.0,726.0,0.96,Brake Lever,252.0,Component,0.95,472.06,18.0,237.21,0.83,850.0,WUM,Noi Bai International Warehouse,17.0,18.0,1.0,2025-05-03 13:29:46
Roi Et,Thailand,2024-07-07,16.0704002,103.646004,RDX-NZ,906.0,815.0,0.87,Brake Lever,228.0,Component,0.82,530.01,28.0,236.37,0.9,847.0,JRR,Rob Muang Warehouse,13.0,14.0,1.0,2025-05-03 13:29:46
Shanghai,China,2024-07-07,31.1434002,121.805,MTX-3500,641.0,564.0,0.91,Seat,381.0,Component,0.92,705.1,24.0,180.56,0.96,647.0,JCE,Shanghai Pudong International Warehouse,12.0,12.0,1.0,2025-05-03 13:29:46
Danang,Vietnam,2024-08-06,16.0438995,108.198997,MTX-5000,285.0,265.0,0.94,Complete Bike,6170.0,Complete Bike,0.95,12192.3,4.0,97.12,0.82,348.0,DNG,Da Nang International Warehouse,4.0,4.0,1.0,2025-05-03 13:29:46
Hualien,Taiwan,2024-08-06,24.0230999,121.617996,RDX-USA,622.0,603.0,0.98,Complete Bike,13130.0,Complete Bike,0.93,22323.58,20.0,217.12,0.85,778.0,DLS,Hualien Facility,10.0,10.0,1.0,2025-05-03 13:29:46
Loei,Thailand,2024-08-06,17.4391003,101.722,RDX-EU,756.0,703.0,0.95,Suspension,2268.0,Component,0.9,4218.48,64.0,231.91,0.96,831.0,ETL,Loei Warehouse,15.0,16.0,1.0,2025-05-03 13:29:46
Matsumoto,Japan,2024-08-06,36.1668015,137.923004,RDX-EU,880.0,783.0,0.92,Brake Lever,316.0,Component,0.89,509.08,36.0,233.86,0.96,838.0,KOB,Matsumoto Facility,17.0,18.0,1.0,2025-05-03 13:29:46
Hue,Vietnam,2024-08-06,16.4015007,107.703003,MTX-3500,669.0,642.0,0.87,Shifter-L,220.0,Component,0.85,353.23,26.0,176.09,0.96,631.0,CXO,Phu Bai Facility,12.0,13.0,1.0,2025-05-03 13:29:46
Shanghai,China,2024-08-06,31.1434002,121.805,RDX-EU,914.0,896.0,0.87,Pedals,431.0,Component,0.93,761.36,132.0,240.56,0.96,862.0,JCE,Shanghai Pudong International Warehouse,63.0,66.0,1.0,2025-05-03 13:29:46
Yonaguni Jima,Japan,2024-08-06,24.4668999,122.977997,MTX-2000,410.0,398.0,0.88,Suspension,1416.0,Component,0.84,2386.2,36.0,146.79,0.92,526.0,WRV,Yonaguni Warehouse,11.0,12.0,1.0,2025-05-03 13:29:46
Hotan,China,2024-09-06,37.0385017,79.8648987,MTX-5000,625.0,575.0,0.95,Complete Bike,10811.0,Complete Bike,0.87,26450.0,26.0,207.63,0.84,744.0,OOQ,Hotan Warehouse,12.0,13.0,1.0,2025-05-03 13:29:46
Hue,Vietnam,2024-09-06,16.4015007,107.703003,RDX-EU,522.0,475.0,0.96,Suspension,1848.0,Component,0.91,2850.12,45.0,161.86,0.92,580.0,CXO,Phu Bai Facility,14.0,15.0,1.0,2025-05-03 13:29:46
Phuquoc,Vietnam,2024-09-06,10.1698,103.9931,MTX-3500,737.0,671.0,0.92,Tires,420.0,Component,0.91,804.8,22.0,212.09,0.85,760.0,UAZ,Phu Quoc International Facility,10.0,11.0,1.0,2025-05-03 13:29:46
Danang,Vietnam,2024-10-07,16.0438995,108.198997,RDX-USA,281.0,253.0,0.88,Complete Bike,6508.0,Complete Bike,0.82,11633.4,7.0,89.18,0.9,320.0,DNG,Da Nang International Warehouse,7.0,7.0,1.0,2025-05-03 13:29:46
Hanoi,Vietnam,2024-10-07,21.0405006,105.886002,RDX-EU,626.0,551.0,0.91,Complete Bike,9357.0,Complete Bike,0.94,17077.28,12.0,215.72,0.92,773.0,AKR,Gia Lam Plant,11.0,12.0,1.0,2025-05-03 13:29:46
Nakhon Ratchasima,Thailand,2024-10-07,14.9344997,102.079002,MTX-5000,632.0,619.0,0.9,Pedals,229.0,Component,0.91,526.46,90.0,185.58,0.85,665.0,YHK,Khorat Warehouse,43.0,45.0,1.0,2025-05-03 13:29:46
Matsumoto,Japan,2024-10-07,36.1668015,137.923004,RDX-USA,442.0,420.0,0.92,Frame,4393.0,Component,0.83,8399.05,10.0,140.09,0.93,502.0,KOB,Matsumoto Facility,10.0,10.0,1.0,2025-05-03 13:29:46
Wajima,Japan,2024-10-07,37.2930984,136.962006,MTX-2000,615.0,566.0,0.97,Brake Lines,46.0,Component,0.9,84.87,9.0,161.86,0.82,580.0,DFQ,Noto Warehouse,8.0,9.0,1.0,2025-05-03 13:29:46
Kep,Vietnam,2024-11-06,21.3945999,106.261002,MTX-5000,593.0,575.0,0.96,Suspension,1985.0,Component,0.94,3451.26,36.0,165.49,0.9,593.0,WMZ,Kep Plant,8.0,9.0,1.0,2025-05-03 13:29:46
Mudanjiang,China,2024-11-06,44.5241013,129.569,RDX-USA,753.0,715.0,0.94,Rear derailleur,293.0,Component,0.82,672.43,10.0,218.79,0.92,784.0,QAO,Mudanjiang Hailang International Warehouse,9.0,10.0,1.0,2025-05-03 13:29:46
Wajima,Japan,2024-11-06,37.2930984,136.962006,MTX-5000,913.0,813.0,0.91,Seat,580.0,Component,0.85,1015.71,18.0,245.02,0.95,878.0,DFQ,Noto Warehouse,9.0,9.0,1.0,2025-05-03 13:29:46
Danang,Vietnam,2024-12-07,16.0438995,108.198997,MTX-5000,314.0,311.0,0.93,Complete Bike,6098.0,Complete Bike,0.89,14299.56,8.0,105.55,0.93,378.0,DNG,Da Nang International Warehouse,7.0,8.0,1.0,2025-05-03 13:29:46
Kashi,China,2024-12-07,39.5429001,76.0199966,RDX-EU,661.0,582.0,0.93,Suspension,1749.0,Component,0.88,3490.08,36.0,219.63,0.82,787.0,PVP,Kashgar Warehouse,11.0,12.0,1.0,2025-05-03 13:29:46
Loei,Thailand,2024-12-07,17.4391003,101.722,RDX-USA,798.0,782.0,0.96,Suspension,2276.0,Component,0.83,4692.24,52.0,220.47,0.82,790.0,ETL,Loei Warehouse,12.0,13.0,1.0,2025-05-03 13:29:46
Hue,Vietnam,2024-12-07,16.4015007,107.703003,MTX-3500,497.0,477.0,0.91,Front derailleur ,168.0,Component,0.83,319.67,14.0,165.21,0.83,592.0,CXO,Phu Bai Facility,14.0,14.0,1.0,2025-05-03 13:29:46
Harbin,China,2024-12-07,45.6234016,126.25,MTX-5000,534.0,513.0,0.98,Rear Cassette,344.0,Component,0.88,666.43,11.0,155.16,0.93,556.0,AIM,Taiping Warehouse,10.0,11.0,1.0,2025-05-03 13:29:46
Kep,Vietnam,2025-01-06,21.3945999,106.261002,MTX-3500,486.0,437.0,0.98,Suspension,1461.0,Component,0.85,2624.4,39.0,154.05,0.93,552.0,WMZ,Kep Plant,12.0,13.0,1.0,2025-05-03 13:29:46
Loei,Thailand,2025-01-06,17.4391003,101.722,MTX-5000,692.0,657.0,0.94,Frame,6208.0,Component,0.96,13149.64,28.0,227.16,0.87,814.0,ETL,Loei Warehouse,13.0,14.0,1.0,2025-05-03 13:29:46
Phuquoc,Vietnam,2025-01-06,10.1698,103.9931,MTX-3500,671.0,658.0,0.93,Rear Cassette,402.0,Component,0.95,854.85,12.0,222.98,0.84,799.0,UAZ,Phu Quoc International Facility,11.0,12.0,1.0,2025-05-03 13:29:46
Kashi,China,2025-02-06,39.5429001,76.0199966,MTX-2000,681.0,681.0,0.92,Suspension,1956.0,Component,0.86,4086.0,27.0,231.91,0.84,831.0,PVP,Kashgar Warehouse,8.0,9.0,1.0,2025-05-03 13:29:46
Loei,Thailand,2025-02-06,17.4391003,101.722,RDX-USA,722.0,643.0,0.91,Tires,448.0,Component,0.91,771.1,8.0,190.05,0.84,681.0,ETL,Loei Warehouse,8.0,8.0,1.0,2025-05-03 13:29:46
Shanghai,China,2025-02-06,31.1434002,121.805,RDX-NZ,536.0,525.0,0.93,Tires,372.0,Component,0.86,630.34,9.0,146.51,0.83,525.0,JCE,Shanghai Pudong International Warehouse,9.0,9.0,1.0,2025-05-03 13:29:46
Wang An,Taiwan,2025-02-06,23.3673725,119.502777,MTX-3500,470.0,414.0,0.96,Steering,49.0,Component,0.88,111.63,16.0,154.33,0.87,553.0,ZWY,Wang-an Facility,7.0,8.0,1.0,2025-05-03 13:29:46
Danang,Vietnam,2025-03-09,16.0438995,108.198997,MTX-5000,360.0,335.0,0.97,Complete Bike,5620.0,Complete Bike,0.88,10378.8,20.0,104.56,0.84,375.0,DNG,Da Nang International Warehouse,9.0,10.0,1.0,2025-05-03 13:29:46
Loei,Thailand,2025-03-09,17.4391003,101.722,MTX-2000,713.0,627.0,0.9,Pedals,227.0,Component,0.84,533.32,132.0,242.51,0.87,869.0,ETL,Loei Warehouse,64.0,66.0,1.0,2025-05-03 13:29:46
Wajima,Japan,2025-03-09,37.2930984,136.962006,MTX-2000,696.0,633.0,0.9,Seat,417.0,Component,0.96,791.7,10.0,242.79,0.92,870.0,DFQ,Noto Warehouse,9.0,10.0,1.0,2025-05-03 13:29:46
Shanghai,China,2025-03-09,31.1434002,121.805,MTX-5000,566.0,526.0,0.98,Pedals,211.0,Component,0.82,447.42,21.0,161.3,0.82,578.0,JCE,Shanghai Pudong International Warehouse,20.0,21.0,1.0,2025-05-03 13:29:46
Wang An,Taiwan,2025-03-09,23.3673725,119.502777,MTX-3500,395.0,367.0,0.91,Rotors,160.0,Component,0.88,312.25,22.0,139.53,0.89,500.0,ZWY,Wang-an Facility,10.0,11.0,1.0,2025-05-03 13:29:46
Danang,Vietnam,2025-04-06,16.0438995,108.198997,MTX-5000,308.0,302.0,0.97,Complete Bike,4219.0,Complete Bike,0.83,7546.0,8.0,102.33,0.89,367.0,DNG,Da Nang International Warehouse,4.0,4.0,1.0,2025-05-03 13:29:46
Loei,Thailand,2025-04-06,17.4391003,101.722,RDX-NZ,547.0,542.0,0.9,Suspension,1946.0,Component,0.93,3249.18,39.0,183.91,0.87,659.0,ETL,Loei Warehouse,12.0,13.0,1.0,2025-05-03 13:29:46
Matsumoto,Japan,2025-04-06,36.1668015,137.923004,RDX-EU,698.0,691.0,0.97,Brake Lines,57.0,Component,0.82,103.65,23.0,243.35,0.93,872.0,KOB,Matsumoto Facility,22.0,23.0,1.0,2025-05-03 13:29:46
Mudanjiang,China,2025-04-06,44.5241013,129.569,RDX-USA,487.0,463.0,0.98,Tires,339.0,Component,0.89,555.18,26.0,169.95,0.82,609.0,QAO,Mudanjiang Hailang International Warehouse,12.0,13.0,1.0,2025-05-03 13:29:46
Tokyo,Japan,2025-04-06,35.7647018,140.386002,MTX-3500,678.0,658.0,0.89,Brake Lever,196.0,Component,0.95,427.48,18.0,201.21,0.87,721.0,AZJ,Narita International Facility,8.0,9.0,1.0,2025-05-03 13:29:46
Hanoi,Vietnam,2025-04-06,21.2212009,105.806999,MTX-2000,454.0,440.0,0.94,Seat,310.0,Component,0.82,550.48,22.0,154.6,0.9,554.0,WUM,Noi Bai International Warehouse,10.0,11.0,1.0,2025-05-03 13:29:46
Ho Chi Minh City,Vietnam,2025-04-06,10.8188,106.652,RDX-USA,593.0,534.0,0.95,Wheel hubs,417.0,Component,0.84,768.53,28.0,188.09,0.87,674.0,QGX,Tan Son Nhat International Facility,13.0,14.0,1.0,2025-05-03 13:29:46
Wang An,Taiwan,2025-04-06,23.3673725,119.502777,MTX-2000,521.0,500.0,0.89,Shifter-L,139.0,Component,0.88,275.09,22.0,183.91,0.94,659.0,ZWY,Wang-an Facility,10.0,11.0,1.0,2025-05-03 13:29:46
Phuquoc,Vietnam,2024-07-07,10.1698,103.9931,RDX-USA,678.0,651.0,0.98,Brake Lever,257.0,Component,0.83,423.07,10.0,183.63,0.94,658.0,UAZ,Phu Quoc International Facility,9.0,10.0,1.0,2025-05-03 13:29:46
Dalian,China,2024-07-07,38.9656982,121.539001,MTX-5000,593.0,540.0,0.95,Tires,349.0,Component,0.87,647.56,7.0,188.09,0.92,674.0,BAQ,Zhoushuizi Warehouse,6.0,7.0,1.0,2025-05-03 13:29:46
Hotan,China,2024-08-06,37.0385017,79.8648987,MTX-5000,762.0,762.0,0.88,Complete Bike,21755.0,Complete Bike,0.93,35052.0,11.0,244.47,0.91,876.0,OOQ,Hotan Warehouse,10.0,11.0,1.0,2025-05-03 13:29:46
Kashi,China,2024-08-06,39.5429001,76.0199966,MTX-3500,495.0,470.0,0.87,Suspension,1684.0,Component,0.86,2821.5,21.0,139.53,0.95,500.0,PVP,Kashgar Warehouse,6.0,7.0,1.0,2025-05-03 13:29:46
Kep,Vietnam,2024-08-06,21.3945999,106.261002,RDX-NZ,674.0,674.0,0.98,Pedals,345.0,Component,0.87,572.9,108.0,204.56,0.89,733.0,WMZ,Kep Plant,51.0,54.0,1.0,2025-05-03 13:29:46
Mudanjiang,China,2024-08-06,44.5241013,129.569,MTX-5000,877.0,842.0,0.87,Rotors,412.0,Component,0.83,715.63,14.0,233.02,0.95,835.0,QAO,Mudanjiang Hailang International Warehouse,13.0,14.0,1.0,2025-05-03 13:29:46
Hanoi,Vietnam,2024-08-06,21.2212009,105.806999,MTX-3500,453.0,426.0,0.88,Pedals,203.0,Component,0.89,361.95,68.0,159.91,0.84,573.0,WUM,Noi Bai International Warehouse,32.0,34.0,1.0,2025-05-03 13:29:46
Wajima,Japan,2024-08-06,37.2930984,136.962006,RDX-USA,789.0,750.0,0.92,Front derailleur ,283.0,Component,0.89,502.2,22.0,234.14,0.89,839.0,DFQ,Noto Warehouse,20.0,22.0,1.0,2025-05-03 13:29:46
Hualien,Taiwan,2024-09-06,24.0230999,121.617996,MTX-3500,777.0,769.0,0.93,Complete Bike,14274.0,Complete Bike,0.9,22307.67,34.0,210.42,0.96,754.0,DLS,Hualien Facility,16.0,17.0,1.0,2025-05-03 13:29:46
Mudanjiang,China,2024-09-06,44.5241013,129.569,MTX-3500,869.0,773.0,0.88,Shifter-R,253.0,Component,0.88,425.38,20.0,240.0,0.88,860.0,QAO,Mudanjiang Hailang International Warehouse,9.0,10.0,1.0,2025-05-03 13:29:46
Tokyo,Japan,2024-09-06,35.7647018,140.386002,MTX-5000,573.0,533.0,0.96,Suspension,1433.0,Component,0.93,3197.34,64.0,197.58,0.96,708.0,AZJ,Narita International Facility,16.0,16.0,1.0,2025-05-03 13:29:46
Hanoi,Vietnam,2024-09-06,21.2212009,105.806999,MTX-5000,720.0,713.0,0.94,Seat,499.0,Component,0.84,891.0,38.0,218.51,0.9,783.0,WUM,Noi Bai International Warehouse,18.0,19.0,1.0,2025-05-03 13:29:46
Wajima,Japan,2024-09-06,37.2930984,136.962006,RDX-NZ,648.0,622.0,0.88,Rear Cassette,388.0,Component,0.85,808.7,10.0,215.16,0.83,771.0,DFQ,Noto Warehouse,10.0,10.0,1.0,2025-05-03 13:29:46
Danang,Vietnam,2024-10-07,16.0438995,108.198997,MTX-3500,375.0,360.0,0.94,Complete Bike,6657.0,Complete Bike,0.89,11160.0,7.0,109.15,0.94,391.0,DNG,Da Nang International Warehouse,7.0,7.0,1.0,2025-05-03 13:29:46
Bangkok,Thailand,2024-10-07,13.9125996,100.607002,MTX-5000,735.0,676.0,0.88,Complete Bike,13737.0,Complete Bike,0.86,31105.2,18.0,246.98,0.82,885.0,VYB,Don Mueang International Warehouse,8.0,9.0,1.0,2025-05-03 13:29:46
Nhatrang,Vietnam,2024-10-07,12.2275,109.192001,RDX-USA,542.0,531.0,0.94,Brake Lever,164.0,Component,0.9,345.25,16.0,178.05,0.96,638.0,JFU,Nha Trang Plant,15.0,16.0,1.0,2025-05-03 13:29:46
Harbin,China,2024-10-07,45.6234016,126.25,RDX-USA,699.0,699.0,0.93,Rotors,298.0,Component,0.96,594.15,14.0,189.49,0.83,679.0,AIM,Taiping Warehouse,13.0,14.0,1.0,2025-05-03 13:29:46
Dalian,China,2024-10-07,38.9656982,121.539001,MTX-5000,658.0,651.0,0.93,Tires,336.0,Component,0.86,781.7,20.0,224.09,0.87,803.0,BAQ,Zhoushuizi Warehouse,9.0,10.0,1.0,2025-05-03 13:29:46
Hanoi,Vietnam,2024-11-06,21.0405006,105.886002,MTX-5000,631.0,568.0,0.91,Complete Bike,11010.0,Complete Bike,0.87,26123.4,24.0,217.4,0.86,779.0,AKR,Gia Lam Plant,11.0,12.0,1.0,2025-05-03 13:29:46
Hotan,China,2024-11-06,37.0385017,79.8648987,RDX-EU,666.0,666.0,0.97,Complete Bike,9210.0,Complete Bike,0.85,20646.0,16.0,195.63,0.92,701.0,OOQ,Hotan Warehouse,7.0,8.0,1.0,2025-05-03 13:29:46
Nhatrang,Vietnam,2024-11-06,12.2275,109.192001,MTX-3500,693.0,631.0,0.91,Pedals,272.0,Component,0.83,536.04,42.0,191.44,0.9,686.0,JFU,Nha Trang Plant,39.0,42.0,1.0,2025-05-03 13:29:46
Hanoi,Vietnam,2024-11-06,21.2212009,105.806999,RDX-NZ,521.0,474.0,0.95,Brake Lever,143.0,Component,0.85,308.17,26.0,161.58,0.89,579.0,WUM,Noi Bai International Warehouse,12.0,13.0,1.0,2025-05-03 13:29:46
Roi Et,Thailand,2024-11-06,16.0704002,103.646004,RDX-EU,455.0,423.0,0.98,Frame,4111.0,Component,0.96,8464.06,24.0,151.26,0.83,542.0,JRR,Rob Muang Warehouse,11.0,12.0,1.0,2025-05-03 13:29:46
Dalian,China,2024-11-06,38.9656982,121.539001,RDX-EU,498.0,473.0,0.89,Pedals,196.0,Component,0.86,402.14,31.0,147.91,0.91,530.0,BAQ,Zhoushuizi Warehouse,29.0,31.0,1.0,2025-05-03 13:29:46
Hotan,China,2024-12-07,37.0385017,79.8648987,MTX-5000,755.0,755.0,0.93,Complete Bike,17554.0,Complete Bike,0.93,34730.0,12.0,242.23,0.86,868.0,OOQ,Hotan Warehouse,12.0,12.0,1.0,2025-05-03 13:29:46
Dalian,China,2024-12-07,38.9656982,121.539001,RDX-EU,841.0,748.0,0.9,Rear Cassette,477.0,Component,0.95,973.04,18.0,223.53,0.89,801.0,BAQ,Zhoushuizi Warehouse,17.0,18.0,1.0,2025-05-03 13:29:46
Danang,Vietnam,2025-01-06,16.0438995,108.198997,MTX-2000,259.0,231.0,0.94,Complete Bike,3228.0,Complete Bike,0.87,5762.75,6.0,86.95,0.88,312.0,DNG,Da Nang International Warehouse,5.0,6.0,1.0,2025-05-03 13:29:46
Bangkok,Thailand,2025-01-06,13.9125996,100.607002,RDX-EU,668.0,661.0,0.91,Complete Bike,9990.0,Complete Bike,0.96,20500.92,20.0,211.81,0.87,759.0,VYB,Don Mueang International Warehouse,19.0,20.0,1.0,2025-05-03 13:29:46
Kashi,China,2025-01-06,39.5429001,76.0199966,MTX-3500,465.0,446.0,0.98,Suspension,1239.0,Component,0.84,2678.4,33.0,145.67,0.84,522.0,PVP,Kashgar Warehouse,10.0,11.0,1.0,2025-05-03 13:29:46
Tokyo,Japan,2025-01-06,35.7647018,140.386002,MTX-2000,588.0,517.0,0.97,Brake Lever,210.0,Component,0.87,336.34,11.0,165.77,0.94,594.0,AZJ,Narita International Facility,10.0,11.0,1.0,2025-05-03 13:29:46
Nhatrang,Vietnam,2025-01-06,12.2275,109.192001,MTX-2000,640.0,634.0,0.89,Frame,5275.0,Component,0.82,12673.58,18.0,212.65,0.88,762.0,JFU,Nha Trang Plant,8.0,9.0,1.0,2025-05-03 13:29:46
Hue,Vietnam,2025-01-06,16.4015007,107.703003,RDX-USA,757.0,712.0,0.87,Suspension,1766.0,Component,0.87,4269.48,40.0,227.16,0.95,814.0,CXO,Phu Bai Facility,9.0,10.0,1.0,2025-05-03 13:29:46
Futema,Japan,2025-02-06,26.2742996,127.755997,RDX-EU,718.0,675.0,0.88,Complete Bike,9160.0,Complete Bike,0.9,20922.52,8.0,227.72,0.94,816.0,IBV,Futenma Plant,8.0,8.0,1.0,2025-05-03 13:29:46
Hotan,China,2025-02-06,37.0385017,79.8648987,RDX-EU,618.0,556.0,0.98,Complete Bike,10090.0,Complete Bike,0.9,17242.2,10.0,210.42,0.87,754.0,OOQ,Hotan Warehouse,9.0,10.0,1.0,2025-05-03 13:29:46
Kep,Vietnam,2025-02-06,21.3945999,106.261002,RDX-NZ,811.0,730.0,0.89,Shifter-L,251.0,Component,0.95,401.45,22.0,226.33,0.89,811.0,WMZ,Kep Plant,10.0,11.0,1.0,2025-05-03 13:29:46
Nakhon Ratchasima,Thailand,2025-02-06,14.9344997,102.079002,MTX-3500,887.0,860.0,0.91,Pedals,436.0,Component,0.83,731.33,62.0,233.58,0.95,837.0,YHK,Khorat Warehouse,56.0,62.0,1.0,2025-05-03 13:29:46
Mudanjiang,China,2025-02-06,44.5241013,129.569,MTX-2000,502.0,462.0,0.95,Suspension,1361.0,Component,0.82,2771.04,36.0,170.79,0.89,612.0,QAO,Mudanjiang Hailang International Warehouse,11.0,12.0,1.0,2025-05-03 13:29:46
Hue,Vietnam,2025-02-06,16.4015007,107.703003,RDX-USA,555.0,516.0,0.92,Suspension,1353.0,Component,0.95,3096.9,48.0,161.3,0.92,578.0,CXO,Phu Bai Facility,11.0,12.0,1.0,2025-05-03 13:29:46
Yonaguni Jima,Japan,2025-02-06,24.4668999,122.977997,RDX-USA,847.0,762.0,0.98,Tires,373.0,Component,0.9,914.76,34.0,246.14,0.92,882.0,WRV,Yonaguni Warehouse,15.0,17.0,1.0,2025-05-03 13:29:46
Danang,Vietnam,2025-03-09,16.0438995,108.198997,RDX-NZ,342.0,318.0,0.96,Complete Bike,5483.0,Complete Bike,0.96,9223.74,16.0,89.18,0.87,320.0,DNG,Da Nang International Warehouse,8.0,8.0,1.0,2025-05-03 13:29:46
Bangkok,Thailand,2025-03-09,13.9125996,100.607002,MTX-2000,754.0,701.0,0.9,Complete Bike,7911.0,Complete Bike,0.94,17530.5,8.0,221.58,0.94,794.0,VYB,Don Mueang International Warehouse,7.0,8.0,1.0,2025-05-03 13:29:46
Hanoi,Vietnam,2025-03-09,21.0405006,105.886002,RDX-USA,731.0,694.0,0.95,Complete Bike,10475.0,Complete Bike,0.91,25694.65,12.0,198.14,0.86,710.0,AKR,Gia Lam Plant,11.0,12.0,1.0,2025-05-03 13:29:46
Hue,Vietnam,2025-03-09,16.4015007,107.703003,RDX-EU,495.0,485.0,0.89,Brake Lever,201.0,Component,0.86,315.32,11.0,144.0,0.94,516.0,CXO,Phu Bai Facility,11.0,11.0,1.0,2025-05-03 13:29:46
Phuquoc,Vietnam,2025-03-09,10.1698,103.9931,RDX-NZ,728.0,662.0,0.95,Rotors,282.0,Component,0.89,563.11,9.0,203.16,0.87,728.0,UAZ,Phu Quoc International Facility,8.0,9.0,1.0,2025-05-03 13:29:46
Yonaguni Jima,Japan,2025-03-09,24.4668999,122.977997,RDX-EU,683.0,608.0,0.89,Suspension,1974.0,Component,0.84,3647.22,54.0,224.09,0.83,803.0,WRV,Yonaguni Warehouse,17.0,18.0,1.0,2025-05-03 13:29:46
Bangkok,Thailand,2025-04-06,13.9125996,100.607002,MTX-2000,714.0,664.0,0.95,Complete Bike,9286.0,Complete Bike,0.86,16600.5,36.0,216.56,0.89,776.0,VYB,Don Mueang International Warehouse,17.0,18.0,1.0,2025-05-03 13:29:46
Urumqi,China,2025-04-06,43.9071007,87.4741974,RDX-NZ,578.0,566.0,0.87,Pedals,253.0,Component,0.92,481.47,56.0,156.56,0.84,561.0,ZBN,Ürümqi Diwopu International Warehouse,25.0,28.0,1.0,2025-05-03 13:29:46
Hotan,China,2024-07-07,37.0385017,79.8648987,MTX-5000,754.0,701.0,0.93,Complete Bike,16599.0,Complete Bike,0.93,32256.12,11.0,198.42,0.96,711.0,OOQ,Hotan Warehouse,10.0,11.0,1.0,2025-05-03 13:29:46
Nakhon Ratchasima,Thailand,2024-07-07,14.9344997,102.079002,MTX-3500,513.0,462.0,0.96,Pedals,168.0,Component,0.82,392.45,76.0,149.02,0.82,534.0,YHK,Khorat Warehouse,36.0,38.0,1.0,2025-05-03 13:29:46
Mudanjiang,China,2024-07-07,44.5241013,129.569,MTX-2000,766.0,697.0,0.92,Shifter-L,178.0,Component,0.85,383.38,20.0,205.67,0.94,737.0,QAO,Mudanjiang Hailang International Warehouse,19.0,20.0,1.0,2025-05-03 13:29:46
Hue,Vietnam,2024-07-07,16.4015007,107.703003,MTX-5000,637.0,567.0,0.98,Tires,419.0,Component,0.91,680.32,16.0,199.81,0.87,716.0,CXO,Phu Bai Facility,8.0,8.0,1.0,2025-05-03 13:29:46
Wang An,Taiwan,2024-07-07,23.3673725,119.502777,MTX-5000,719.0,661.0,0.97,Rear Cassette,492.0,Component,0.93,859.92,17.0,202.6,0.96,726.0,ZWY,Wang-an Facility,16.0,17.0,1.0,2025-05-03 13:29:46
Danang,Vietnam,2024-08-06,16.0438995,108.198997,MTX-2000,274.0,247.0,0.87,Complete Bike,5361.0,Complete Bike,0.82,9124.2,16.0,88.93,0.85,319.0,DNG,Da Nang International Warehouse,8.0,8.0,1.0,2025-05-03 13:29:46
Bangkok,Thailand,2024-08-06,13.9125996,100.607002,RDX-EU,740.0,673.0,0.91,Complete Bike,12177.0,Complete Bike,0.88,20875.4,38.0,208.47,0.84,747.0,VYB,Don Mueang International Warehouse,17.0,19.0,1.0,2025-05-03 13:29:46
Hanoi,Vietnam,2024-08-06,21.0405006,105.886002,RDX-NZ,800.0,792.0,0.97,Complete Bike,12178.0,Complete Bike,0.91,30096.0,11.0,227.72,0.94,816.0,AKR,Gia Lam Plant,11.0,11.0,1.0,2025-05-03 13:29:46
Phuquoc,Vietnam,2024-08-06,10.1698,103.9931,RDX-USA,662.0,622.0,0.88,Seat,316.0,Component,0.92,777.85,7.0,177.77,0.92,637.0,UAZ,Phu Quoc International Facility,7.0,7.0,1.0,2025-05-03 13:29:46
Urumqi,China,2024-08-06,43.9071007,87.4741974,RDX-USA,689.0,689.0,0.88,Brake Lever,186.0,Component,0.87,447.85,16.0,218.51,0.83,783.0,ZBN,Ürümqi Diwopu International Warehouse,14.0,16.0,1.0,2025-05-03 13:29:46
Futema,Japan,2024-09-06,26.2742996,127.755997,MTX-3500,743.0,669.0,0.91,Complete Bike,9232.0,Complete Bike,0.84,19392.3,36.0,233.02,0.94,835.0,IBV,Futenma Plant,17.0,18.0,1.0,2025-05-03 13:29:46
Hanoi,Vietnam,2024-09-06,21.0405006,105.886002,RDX-NZ,745.0,708.0,0.92,Complete Bike,14692.0,Complete Bike,0.83,26894.5,14.0,212.09,0.92,760.0,AKR,Gia Lam Plant,13.0,14.0,1.0,2025-05-03 13:29:46
Danang,Vietnam,2024-10-07,16.0438995,108.198997,MTX-5000,286.0,255.0,0.95,Complete Bike,3688.0,Complete Bike,0.9,7890.74,7.0,91.78,0.91,329.0,DNG,Da Nang International Warehouse,7.0,7.0,1.0,2025-05-03 13:29:46
Futema,Japan,2024-10-07,26.2742996,127.755997,MTX-2000,688.0,647.0,0.97,Complete Bike,8598.0,Complete Bike,0.84,16168.0,19.0,208.74,0.91,748.0,IBV,Futenma Plant,18.0,19.0,1.0,2025-05-03 13:29:46
Hotan,China,2024-10-07,37.0385017,79.8648987,MTX-5000,666.0,659.0,0.9,Complete Bike,18017.0,Complete Bike,0.87,30329.64,36.0,208.74,0.85,748.0,OOQ,Hotan Warehouse,17.0,18.0,1.0,2025-05-03 13:29:46
Loei,Thailand,2024-10-07,17.4391003,101.722,MTX-2000,843.0,767.0,0.95,Tires,578.0,Component,0.92,920.56,46.0,247.53,0.85,887.0,ETL,Loei Warehouse,22.0,23.0,1.0,2025-05-03 13:29:46
Mudanjiang,China,2024-10-07,44.5241013,129.569,RDX-NZ,763.0,717.0,0.93,Suspension,1932.0,Component,0.86,4303.32,48.0,208.74,0.91,748.0,QAO,Mudanjiang Hailang International Warehouse,16.0,16.0,1.0,2025-05-03 13:29:46
Shanghai,China,2024-10-07,31.1434002,121.805,MTX-3500,480.0,451.0,0.89,Brake Lines,33.0,Component,0.85,67.68,9.0,169.67,0.85,608.0,JCE,Shanghai Pudong International Warehouse,8.0,9.0,1.0,2025-05-03 13:29:46
Urumqi,China,2024-10-07,43.9071007,87.4741974,MTX-5000,723.0,636.0,0.9,Brake Lever,235.0,Component,0.83,413.56,9.0,216.84,0.85,777.0,ZBN,Ürümqi Diwopu International Warehouse,8.0,9.0,1.0,2025-05-03 13:29:46
Danang,Vietnam,2024-11-06,16.0438995,108.198997,MTX-3500,377.0,377.0,0.93,Complete Bike,7262.0,Complete Bike,0.88,17342.0,22.0,109.52,0.87,392.0,DNG,Da Nang International Warehouse,10.0,11.0,1.0,2025-05-03 13:29:46
Danang,Vietnam,2024-11-06,16.0438995,108.198997,MTX-5000,359.0,330.0,0.98,Complete Bike,4113.0,Complete Bike,0.95,9578.12,8.0,103.19,0.91,370.0,DNG,Da Nang International Warehouse,4.0,4.0,1.0,2025-05-03 13:29:46
Bangkok,Thailand,2024-11-06,13.9125996,100.607002,MTX-5000,760.0,737.0,0.96,Complete Bike,15192.0,Complete Bike,0.96,33911.2,12.0,238.33,0.91,854.0,VYB,Don Mueang International Warehouse,11.0,12.0,1.0,2025-05-03 13:29:46
Kashi,China,2024-11-06,39.5429001,76.0199966,RDX-EU,629.0,629.0,0.93,Tires,353.0,Component,0.9,754.8,9.0,172.19,0.91,617.0,PVP,Kashgar Warehouse,8.0,9.0,1.0,2025-05-03 13:29:46
Yonaguni Jima,Japan,2024-11-06,24.4668999,122.977997,MTX-5000,587.0,540.0,0.87,Seat,364.0,Component,0.85,675.05,22.0,165.49,0.96,593.0,WRV,Yonaguni Warehouse,10.0,11.0,1.0,2025-05-03 13:29:46
Urumqi,China,2024-11-06,43.9071007,87.4741974,MTX-3500,680.0,673.0,0.95,Suspension,1933.0,Component,0.82,4039.2,51.0,184.19,0.94,660.0,ZBN,Ürümqi Diwopu International Warehouse,16.0,17.0,1.0,2025-05-03 13:29:46
Hanoi,Vietnam,2024-12-07,21.0405006,105.886002,RDX-USA,699.0,615.0,0.87,Complete Bike,11444.0,Complete Bike,0.93,22759.44,48.0,243.91,0.91,874.0,AKR,Gia Lam Plant,23.0,24.0,1.0,2025-05-03 13:29:46
Mudanjiang,China,2024-12-07,44.5241013,129.569,RDX-NZ,608.0,602.0,0.93,Shifter-R,157.0,Component,0.96,331.06,20.0,192.84,0.91,691.0,QAO,Mudanjiang Hailang International Warehouse,9.0,10.0,1.0,2025-05-03 13:29:46
Nhatrang,Vietnam,2024-12-07,12.2275,109.192001,MTX-2000,688.0,681.0,0.97,Brake Lever,287.0,Component,0.88,442.73,15.0,179.44,0.95,643.0,JFU,Nha Trang Plant,14.0,15.0,1.0,2025-05-03 13:29:46
Urumqi,China,2024-12-07,43.9071007,87.4741974,RDX-EU,794.0,738.0,0.88,Seat,444.0,Component,0.9,923.03,18.0,223.81,0.85,802.0,ZBN,Ürümqi Diwopu International Warehouse,17.0,18.0,1.0,2025-05-03 13:29:46
Hanoi,Vietnam,2025-01-06,21.0405006,105.886002,RDX-USA,744.0,699.0,0.97,Complete Bike,12609.0,Complete Bike,0.9,25876.32,26.0,216.28,0.85,775.0,AKR,Gia Lam Plant,12.0,13.0,1.0,2025-05-03 13:29:46
Urumqi,China,2025-01-06,43.9071007,87.4741974,RDX-EU,520.0,494.0,0.9,Brake Lever,161.0,Component,0.96,321.1,9.0,174.98,0.85,627.0,ZBN,Ürümqi Diwopu International Warehouse,9.0,9.0,1.0,2025-05-03 13:29:46
Danang,Vietnam,2025-02-06,16.0438995,108.198997,MTX-5000,290.0,290.0,0.93,Complete Bike,3772.0,Complete Bike,0.9,8410.0,14.0,88.81,0.83,318.0,DNG,Da Nang International Warehouse,7.0,7.0,1.0,2025-05-03 13:29:46
Hanoi,Vietnam,2025-02-06,21.0405006,105.886002,RDX-EU,793.0,722.0,0.98,Complete Bike,10379.0,Complete Bike,0.94,22370.53,20.0,228.28,0.84,818.0,AKR,Gia Lam Plant,19.0,20.0,1.0,2025-05-03 13:29:46
Hotan,China,2025-03-09,37.0385017,79.8648987,RDX-USA,657.0,624.0,0.94,Complete Bike,9587.0,Complete Bike,0.95,23093.55,9.0,215.72,0.86,773.0,OOQ,Hotan Warehouse,9.0,9.0,1.0,2025-05-03 13:29:46
Hualien,Taiwan,2025-03-09,24.0230999,121.617996,RDX-EU,746.0,746.0,0.93,Complete Bike,10553.0,Complete Bike,0.93,23126.0,12.0,216.84,0.96,777.0,DLS,Hualien Facility,11.0,12.0,1.0,2025-05-03 13:29:46
Nhatrang,Vietnam,2025-03-09,12.2275,109.192001,RDX-NZ,487.0,477.0,0.95,Suspension,1545.0,Component,0.91,2863.56,45.0,165.77,0.9,594.0,JFU,Nha Trang Plant,14.0,15.0,1.0,2025-05-03 13:29:46
Hanoi,Vietnam,2025-03-09,21.2212009,105.806999,MTX-5000,504.0,469.0,0.89,Steering,54.0,Component,0.92,126.51,9.0,154.6,0.9,554.0,WUM,Noi Bai International Warehouse,9.0,9.0,1.0,2025-05-03 13:29:46
Hue,Vietnam,2025-04-06,16.4015007,107.703003,RDX-NZ,646.0,614.0,0.88,Steering,90.0,Component,0.88,165.64,14.0,168.56,0.93,604.0,CXO,Phu Bai Facility,6.0,7.0,1.0,2025-05-03 13:29:46
Phuquoc,Vietnam,2025-04-06,10.1698,103.9931,RDX-NZ,756.0,688.0,0.88,Frame,6899.0,Component,0.84,13760.92,28.0,245.3,0.89,879.0,UAZ,Phu Quoc International Facility,13.0,14.0,1.0,2025-05-03 13:29:46
Shanghai,China,2025-04-06,31.1434002,121.805,RDX-EU,604.0,556.0,0.87,Brake Lever,231.0,Component,0.95,361.19,34.0,195.91,0.93,702.0,JCE,Shanghai Pudong International Warehouse,15.0,17.0,1.0,2025-05-03 13:29:46
Harbin,China,2025-04-06,45.6234016,126.25,RDX-USA,558.0,525.0,0.89,Seat,388.0,Component,0.94,655.65,14.0,183.07,0.87,656.0,AIM,Taiping Warehouse,6.0,7.0,1.0,2025-05-03 13:29:46
Yonaguni Jima,Japan,2025-04-06,24.4668999,122.977997,RDX-EU,615.0,560.0,0.87,Suspension,1954.0,Component,0.88,3357.9,60.0,202.05,0.84,724.0,WRV,Yonaguni Warehouse,14.0,15.0,1.0,2025-05-03 13:29:46
Futema,Japan,2024-07-07,26.2742996,127.755997,MTX-2000,724.0,659.0,0.95,Complete Bike,9325.0,Complete Bike,0.82,16471.0,28.0,240.56,0.85,862.0,IBV,Futenma Plant,13.0,14.0,1.0,2025-05-03 13:29:46
Hanoi,Vietnam,2024-07-07,21.0405006,105.886002,MTX-2000,874.0,830.0,0.87,Complete Bike,12331.0,Complete Bike,0.95,20757.5,32.0,243.91,0.87,874.0,AKR,Gia Lam Plant,14.0,16.0,1.0,2025-05-03 13:29:46
Kep,Vietnam,2024-07-07,21.3945999,106.261002,MTX-2000,645.0,574.0,0.98,Steering,85.0,Component,0.88,154.94,11.0,183.63,0.91,658.0,WMZ,Kep Plant,10.0,11.0,1.0,2025-05-03 13:29:46
Wajima,Japan,2024-07-07,37.2930984,136.962006,MTX-5000,807.0,767.0,0.94,Tires,581.0,Component,0.92,919.98,34.0,244.74,0.95,877.0,DFQ,Noto Warehouse,16.0,17.0,1.0,2025-05-03 13:29:46
Ho Chi Minh City,Vietnam,2024-07-07,10.8188,106.652,MTX-2000,740.0,710.0,0.96,Rear derailleur,354.0,Component,0.88,667.78,36.0,194.79,0.9,698.0,QGX,Tan Son Nhat International Facility,17.0,18.0,1.0,2025-05-03 13:29:46
Urumqi,China,2024-07-07,43.9071007,87.4741974,RDX-EU,689.0,682.0,0.89,Tires,481.0,Component,0.94,818.53,16.0,218.51,0.9,783.0,ZBN,Ürümqi Diwopu International Warehouse,7.0,8.0,1.0,2025-05-03 13:29:46
Nakhon Ratchasima,Thailand,2024-08-06,14.9344997,102.079002,MTX-2000,549.0,544.0,0.96,Seat,340.0,Component,0.85,679.39,16.0,143.16,0.88,513.0,YHK,Khorat Warehouse,8.0,8.0,1.0,2025-05-03 13:29:46
Roi Et,Thailand,2024-08-06,16.0704002,103.646004,MTX-3500,754.0,754.0,0.93,Rotors,313.0,Component,0.85,640.9,14.0,216.84,0.91,777.0,JRR,Rob Muang Warehouse,13.0,14.0,1.0,2025-05-03 13:29:46
Harbin,China,2024-08-06,45.6234016,126.25,MTX-2000,476.0,443.0,0.93,Rear derailleur,168.0,Component,0.96,416.12,12.0,162.14,0.93,581.0,AIM,Taiping Warehouse,12.0,12.0,1.0,2025-05-03 13:29:46
Wang An,Taiwan,2024-08-06,23.3673725,119.502777,MTX-3500,655.0,648.0,0.98,Shifter-R,165.0,Component,0.96,356.65,32.0,203.16,0.82,728.0,ZWY,Wang-an Facility,14.0,16.0,1.0,2025-05-03 13:29:46
Danang,Vietnam,2024-09-06,16.0438995,108.198997,MTX-5000,362.0,340.0,0.96,Complete Bike,5993.0,Complete Bike,0.91,12930.64,18.0,101.95,0.83,365.0,DNG,Da Nang International Warehouse,8.0,9.0,1.0,2025-05-03 13:29:46
Nakhon Ratchasima,Thailand,2024-09-06,14.9344997,102.079002,RDX-EU,736.0,662.0,0.96,Brake Lever,192.0,Component,0.88,430.56,11.0,247.53,0.91,887.0,YHK,Khorat Warehouse,10.0,11.0,1.0,2025-05-03 13:29:46
Urumqi,China,2024-09-06,43.9071007,87.4741974,RDX-NZ,644.0,580.0,0.97,Pedals,214.0,Component,0.82,492.66,62.0,172.74,0.94,619.0,ZBN,Ürümqi Diwopu International Warehouse,30.0,31.0,1.0,2025-05-03 13:29:46
Danang,Vietnam,2024-10-07,16.0438995,108.198997,RDX-USA,288.0,268.0,0.96,Complete Bike,5165.0,Complete Bike,0.92,9910.08,12.0,97.98,0.95,351.0,DNG,Da Nang International Warehouse,6.0,6.0,1.0,2025-05-03 13:29:46
Kashi,China,2024-10-07,39.5429001,76.0199966,RDX-EU,764.0,703.0,0.9,Pedals,249.0,Component,0.83,597.45,80.0,219.91,0.96,788.0,PVP,Kashgar Warehouse,39.0,40.0,1.0,2025-05-03 13:29:46
Hue,Vietnam,2024-10-07,16.4015007,107.703003,MTX-3500,583.0,513.0,0.97,Brake Lines,44.0,Component,0.87,76.96,36.0,189.21,0.85,678.0,CXO,Phu Bai Facility,17.0,18.0,1.0,2025-05-03 13:29:46
Phuquoc,Vietnam,2024-10-07,10.1698,103.9931,RDX-EU,573.0,533.0,0.96,Wheels,305.0,Component,0.87,746.05,6.0,153.77,0.92,551.0,UAZ,Phu Quoc International Facility,6.0,6.0,1.0,2025-05-03 13:29:46
Roi Et,Thailand,2024-10-07,16.0704002,103.646004,RDX-EU,766.0,766.0,0.96,Seat,622.0,Component,0.96,957.5,19.0,213.77,0.84,766.0,JRR,Rob Muang Warehouse,18.0,19.0,1.0,2025-05-03 13:29:46
Ho Chi Minh City,Vietnam,2024-10-07,10.8188,106.652,MTX-5000,490.0,451.0,0.87,Shifter-R,143.0,Component,0.87,247.94,14.0,140.93,0.89,505.0,QGX,Tan Son Nhat International Facility,6.0,7.0,1.0,2025-05-03 13:29:46
Danang,Vietnam,2024-11-06,16.0438995,108.198997,MTX-2000,372.0,331.0,0.87,Complete Bike,5453.0,Complete Bike,0.94,12581.04,8.0,111.5,0.87,400.0,DNG,Da Nang International Warehouse,7.0,8.0,1.0,2025-05-03 13:29:46
Hualien,Taiwan,2024-11-06,24.0230999,121.617996,MTX-5000,669.0,649.0,0.98,Complete Bike,18955.0,Complete Bike,0.96,29850.78,18.0,219.63,0.84,787.0,DLS,Hualien Facility,16.0,18.0,1.0,2025-05-03 13:29:46
Hue,Vietnam,2024-11-06,16.4015007,107.703003,MTX-2000,510.0,500.0,0.88,Front derailleur ,139.0,Component,0.87,334.87,11.0,171.35,0.87,614.0,CXO,Phu Bai Facility,11.0,11.0,1.0,2025-05-03 13:29:46
Wang An,Taiwan,2024-11-06,23.3673725,119.502777,RDX-NZ,603.0,549.0,0.97,Tires,316.0,Component,0.85,658.48,18.0,177.21,0.94,635.0,ZWY,Wang-an Facility,8.0,9.0,1.0,2025-05-03 13:29:46
Futema,Japan,2024-12-07,26.2742996,127.755997,RDX-NZ,705.0,677.0,0.92,Complete Bike,13446.0,Complete Bike,0.86,25718.4,36.0,245.86,0.95,881.0,IBV,Futenma Plant,17.0,18.0,1.0,2025-05-03 13:29:46
Kep,Vietnam,2024-12-07,21.3945999,106.261002,MTX-3500,413.0,392.0,0.97,Shifter-L,120.0,Component,0.9,215.79,22.0,145.95,0.84,523.0,WMZ,Kep Plant,11.0,11.0,1.0,2025-05-03 13:29:46
Matsumoto,Japan,2024-12-07,36.1668015,137.923004,MTX-2000,725.0,703.0,0.95,Brake Lever,219.0,Component,0.85,457.11,30.0,206.51,0.95,740.0,KOB,Matsumoto Facility,14.0,15.0,1.0,2025-05-03 13:29:46
Roi Et,Thailand,2024-12-07,16.0704002,103.646004,RDX-USA,566.0,509.0,0.94,Brake Lever,155.0,Component,0.82,331.11,24.0,147.63,0.86,529.0,JRR,Rob Muang Warehouse,11.0,12.0,1.0,2025-05-03 13:29:46
Shanghai,China,2024-12-07,31.1434002,121.805,RDX-USA,906.0,879.0,0.96,Wheel hubs,559.0,Component,0.87,1265.5,40.0,247.81,0.89,888.0,JCE,Shanghai Pudong International Warehouse,18.0,20.0,1.0,2025-05-03 13:29:46
Ho Chi Minh City,Vietnam,2024-12-07,10.8188,106.652,RDX-EU,724.0,644.0,0.98,Steering,105.0,Component,0.87,173.91,22.0,246.42,0.86,883.0,QGX,Tan Son Nhat International Facility,20.0,22.0,1.0,2025-05-03 13:29:46
Yonaguni Jima,Japan,2024-12-07,24.4668999,122.977997,MTX-5000,743.0,669.0,0.95,Seat,341.0,Component,0.95,835.88,10.0,241.12,0.9,864.0,WRV,Yonaguni Warehouse,10.0,10.0,1.0,2025-05-03 13:29:46
Matsumoto,Japan,2025-01-06,36.1668015,137.923004,RDX-EU,736.0,699.0,0.9,Brake Lever,211.0,Component,0.92,454.48,34.0,209.58,0.96,751.0,KOB,Matsumoto Facility,16.0,17.0,1.0,2025-05-03 13:29:46
Mudanjiang,China,2025-01-06,44.5241013,129.569,RDX-NZ,583.0,577.0,0.88,Suspension,1390.0,Component,0.96,3463.02,32.0,178.88,0.92,641.0,QAO,Mudanjiang Hailang International Warehouse,8.0,8.0,1.0,2025-05-03 13:29:46
Harbin,China,2025-01-06,45.6234016,126.25,RDX-EU,882.0,829.0,0.9,Brake Lines,70.0,Component,0.92,124.36,34.0,232.19,0.96,832.0,AIM,Taiping Warehouse,15.0,17.0,1.0,2025-05-03 13:29:46
Ho Chi Minh City,Vietnam,2025-01-06,10.8188,106.652,MTX-2000,556.0,500.0,0.96,Steering,61.0,Component,0.9,135.06,24.0,184.74,0.82,662.0,QGX,Tan Son Nhat International Facility,11.0,12.0,1.0,2025-05-03 13:29:46
Wang An,Taiwan,2025-01-06,23.3673725,119.502777,RDX-EU,814.0,749.0,0.9,Tires,377.0,Component,0.84,898.66,32.0,218.51,0.92,783.0,ZWY,Wang-an Facility,15.0,16.0,1.0,2025-05-03 13:29:46
Dalian,China,2025-01-06,38.9656982,121.539001,MTX-2000,489.0,455.0,0.97,Tires,295.0,Component,0.83,545.72,28.0,160.47,0.95,575.0,BAQ,Zhoushuizi Warehouse,13.0,14.0,1.0,2025-05-03 13:29:46
Tokyo,Japan,2025-02-06,35.7647018,140.386002,MTX-2000,626.0,582.0,0.92,Wheels,379.0,Component,0.91,815.05,24.0,215.72,0.91,773.0,AZJ,Narita International Facility,11.0,12.0,1.0,2025-05-03 13:29:46
Hanoi,Vietnam,2025-02-06,21.2212009,105.806999,MTX-3500,788.0,733.0,0.96,Pedals,301.0,Component,0.93,622.91,52.0,209.3,0.95,750.0,WUM,Noi Bai International Warehouse,25.0,26.0,1.0,2025-05-03 13:29:46
Harbin,China,2025-02-06,45.6234016,126.25,RDX-NZ,572.0,572.0,0.92,Wheel hubs,516.0,Component,0.96,823.68,10.0,204.56,0.91,733.0,AIM,Taiping Warehouse,9.0,10.0,1.0,2025-05-03 13:29:46
Ho Chi Minh City,Vietnam,2025-02-06,10.8188,106.652,RDX-NZ,710.0,703.0,0.98,Brake Lever,246.0,Component,0.95,456.89,28.0,230.23,0.91,825.0,QGX,Tan Son Nhat International Facility,13.0,14.0,1.0,2025-05-03 13:29:46
Danang,Vietnam,2025-03-09,16.0438995,108.198997,RDX-USA,269.0,256.0,0.88,Complete Bike,4025.0,Complete Bike,0.88,7410.95,18.0,93.77,0.83,336.0,DNG,Da Nang International Warehouse,9.0,9.0,1.0,2025-05-03 13:29:46
Kep,Vietnam,2025-03-09,21.3945999,106.261002,MTX-3500,554.0,526.0,0.97,Front derailleur ,180.0,Component,0.95,352.62,7.0,148.74,0.95,533.0,WMZ,Kep Plant,7.0,7.0,1.0,2025-05-03 13:29:46
Matsumoto,Japan,2025-03-09,36.1668015,137.923004,RDX-EU,530.0,493.0,0.95,Pedals,253.0,Component,0.96,418.97,82.0,178.05,0.87,638.0,KOB,Matsumoto Facility,39.0,41.0,1.0,2025-05-03 13:29:46
Mudanjiang,China,2025-03-09,44.5241013,129.569,RDX-EU,664.0,598.0,0.94,Wheels,468.0,Component,0.83,836.64,40.0,217.95,0.88,781.0,QAO,Mudanjiang Hailang International Warehouse,19.0,20.0,1.0,2025-05-03 13:29:46
Roi Et,Thailand,2025-03-09,16.0704002,103.646004,RDX-NZ,467.0,425.0,0.93,Tires,206.0,Component,0.87,509.96,16.0,140.09,0.9,502.0,JRR,Rob Muang Warehouse,8.0,8.0,1.0,2025-05-03 13:29:46
Harbin,China,2025-03-09,45.6234016,126.25,MTX-2000,653.0,620.0,0.91,Pedals,239.0,Component,0.88,527.3,33.0,207.07,0.95,742.0,AIM,Taiping Warehouse,31.0,33.0,1.0,2025-05-03 13:29:46
Ho Chi Minh City,Vietnam,2025-03-09,10.8188,106.652,MTX-2000,858.0,832.0,0.89,Rotors,380.0,Component,0.86,707.42,11.0,244.19,0.88,875.0,QGX,Tan Son Nhat International Facility,10.0,11.0,1.0,2025-05-03 13:29:46
Hotan,China,2025-04-06,37.0385017,79.8648987,RDX-NZ,797.0,733.0,0.93,Complete Bike,12943.0,Complete Bike,0.96,27863.12,22.0,231.63,0.9,830.0,OOQ,Hotan Warehouse,20.0,22.0,1.0,2025-05-03 13:29:46
Kep,Vietnam,2025-04-06,21.3945999,106.261002,RDX-NZ,587.0,534.0,0.95,Pedals,228.0,Component,0.95,454.04,78.0,176.09,0.93,631.0,WMZ,Kep Plant,36.0,39.0,1.0,2025-05-03 13:29:46
Nakhon Ratchasima,Thailand,2025-04-06,14.9344997,102.079002,RDX-USA,691.0,677.0,0.92,Shifter-L,156.0,Component,0.85,372.45,20.0,211.81,0.94,759.0,YHK,Khorat Warehouse,19.0,20.0,1.0,2025-05-03 13:29:46
Matsumoto,Japan,2024-07-07,36.1668015,137.923004,MTX-2000,668.0,655.0,0.95,Pedals,259.0,Component,0.83,556.44,38.0,216.84,0.89,777.0,KOB,Matsumoto Facility,36.0,38.0,1.0,2025-05-03 13:29:46
Tokyo,Japan,2024-07-07,35.7647018,140.386002,RDX-NZ,553.0,525.0,0.96,Suspension,1387.0,Component,0.85,3152.1,33.0,171.35,0.82,614.0,AZJ,Narita International Facility,10.0,11.0,1.0,2025-05-03 13:29:46
Harbin,China,2024-07-07,45.6234016,126.25,RDX-EU,497.0,477.0,0.95,Seat,251.0,Component,0.89,596.4,6.0,149.02,0.83,534.0,AIM,Taiping Warehouse,6.0,6.0,1.0,2025-05-03 13:29:46
Futema,Japan,2024-08-06,26.2742996,127.755997,MTX-2000,858.0,824.0,0.91,Complete Bike,8572.0,Complete Bike,0.94,20592.0,11.0,225.77,0.83,809.0,IBV,Futenma Plant,11.0,11.0,1.0,2025-05-03 13:29:46
Kashi,China,2024-09-06,39.5429001,76.0199966,RDX-NZ,792.0,752.0,0.95,Pedals,350.0,Component,0.91,639.54,62.0,240.28,0.83,861.0,PVP,Kashgar Warehouse,30.0,31.0,1.0,2025-05-03 13:29:46
Shanghai,China,2024-09-06,31.1434002,121.805,RDX-EU,500.0,490.0,0.92,Rear Cassette,374.0,Component,0.84,637.0,28.0,143.72,0.84,515.0,JCE,Shanghai Pudong International Warehouse,13.0,14.0,1.0,2025-05-03 13:29:46
Harbin,China,2024-09-06,45.6234016,126.25,MTX-2000,551.0,534.0,0.97,Suspension,2016.0,Component,0.87,3206.82,44.0,165.21,0.95,592.0,AIM,Taiping Warehouse,10.0,11.0,1.0,2025-05-03 13:29:46
Wang An,Taiwan,2024-09-06,23.3673725,119.502777,RDX-EU,474.0,474.0,0.94,Wheels,379.0,Component,0.82,663.6,6.0,155.72,0.87,558.0,ZWY,Wang-an Facility,6.0,6.0,1.0,2025-05-03 13:29:46
Danang,Vietnam,2024-10-07,16.0438995,108.198997,MTX-5000,292.0,286.0,0.92,Complete Bike,6642.0,Complete Bike,0.95,10587.92,5.0,92.65,0.94,332.0,DNG,Da Nang International Warehouse,5.0,5.0,1.0,2025-05-03 13:29:46
Hanoi,Vietnam,2024-10-07,21.2212009,105.806999,RDX-EU,647.0,582.0,0.88,Rear Cassette,447.0,Component,0.88,756.99,24.0,212.37,0.87,761.0,WUM,Noi Bai International Warehouse,11.0,12.0,1.0,2025-05-03 13:29:46
Wang An,Taiwan,2024-10-07,23.3673725,119.502777,RDX-EU,594.0,535.0,0.92,Suspension,1324.0,Component,0.87,3207.6,64.0,197.3,0.86,707.0,ZWY,Wang-an Facility,14.0,16.0,1.0,2025-05-03 13:29:46
Yonaguni Jima,Japan,2024-10-07,24.4668999,122.977997,RDX-EU,762.0,762.0,0.98,Shifter-R,246.0,Component,0.82,419.1,24.0,236.37,0.93,847.0,WRV,Yonaguni Warehouse,12.0,12.0,1.0,2025-05-03 13:29:46
Danang,Vietnam,2024-11-06,16.0438995,108.198997,MTX-3500,333.0,326.0,0.91,Complete Bike,7087.0,Complete Bike,0.88,12400.92,5.0,90.29,0.89,324.0,DNG,Da Nang International Warehouse,5.0,5.0,1.0,2025-05-03 13:29:46
Tokyo,Japan,2024-11-06,35.7647018,140.386002,MTX-2000,611.0,538.0,0.98,Pedals,216.0,Component,0.87,457.03,76.0,181.4,0.88,650.0,AZJ,Narita International Facility,34.0,38.0,1.0,2025-05-03 13:29:46
Phuquoc,Vietnam,2024-11-06,10.1698,103.9931,MTX-5000,581.0,546.0,0.89,Front derailleur ,213.0,Component,0.85,365.91,12.0,162.14,0.87,581.0,UAZ,Phu Quoc International Facility,6.0,6.0,1.0,2025-05-03 13:29:46
Harbin,China,2024-11-06,45.6234016,126.25,MTX-5000,687.0,605.0,0.87,Brake Lever,203.0,Component,0.94,392.96,18.0,201.77,0.9,723.0,AIM,Taiping Warehouse,8.0,9.0,1.0,2025-05-03 13:29:46
Ho Chi Minh City,Vietnam,2024-11-06,10.8188,106.652,RDX-NZ,542.0,537.0,0.91,Wheel hubs,449.0,Component,0.86,772.68,10.0,168.0,0.95,602.0,QGX,Tan Son Nhat International Facility,10.0,10.0,1.0,2025-05-03 13:29:46
Hualien,Taiwan,2024-12-07,24.0230999,121.617996,MTX-3500,824.0,766.0,0.96,Complete Bike,12161.0,Complete Bike,0.94,22223.28,28.0,221.02,0.82,792.0,DLS,Hualien Facility,13.0,14.0,1.0,2025-05-03 13:29:46
Nakhon Ratchasima,Thailand,2024-12-07,14.9344997,102.079002,RDX-USA,508.0,483.0,0.87,Pedals,251.0,Component,0.83,410.21,72.0,159.35,0.85,571.0,YHK,Khorat Warehouse,34.0,36.0,1.0,2025-05-03 13:29:46
Tokyo,Japan,2024-12-07,35.7647018,140.386002,RDX-NZ,517.0,512.0,0.87,Front derailleur ,187.0,Component,0.89,342.93,6.0,171.63,0.88,615.0,AZJ,Narita International Facility,6.0,6.0,1.0,2025-05-03 13:29:46
Phuquoc,Vietnam,2024-12-07,10.1698,103.9931,MTX-3500,555.0,505.0,0.97,Tires,331.0,Component,0.96,606.06,38.0,198.42,0.85,711.0,UAZ,Phu Quoc International Facility,18.0,19.0,1.0,2025-05-03 13:29:46
Danang,Vietnam,2025-01-06,16.0438995,108.198997,MTX-5000,357.0,350.0,0.96,Complete Bike,6717.0,Complete Bike,0.82,12944.82,5.0,99.6,0.82,357.0,DNG,Da Nang International Warehouse,5.0,5.0,1.0,2025-05-03 13:29:46
Hualien,Taiwan,2025-01-06,24.0230999,121.617996,MTX-2000,788.0,725.0,0.98,Complete Bike,10315.0,Complete Bike,0.84,18124.0,36.0,222.14,0.82,796.0,DLS,Hualien Facility,17.0,18.0,1.0,2025-05-03 13:29:46
Hanoi,Vietnam,2025-01-06,21.2212009,105.806999,MTX-5000,568.0,523.0,0.92,Shifter-R,124.0,Component,0.94,287.41,11.0,182.23,0.92,653.0,WUM,Noi Bai International Warehouse,10.0,11.0,1.0,2025-05-03 13:29:46
Wajima,Japan,2025-01-06,37.2930984,136.962006,RDX-NZ,513.0,487.0,0.97,Rotors,200.0,Component,0.87,414.25,24.0,149.02,0.96,534.0,DFQ,Noto Warehouse,12.0,12.0,1.0,2025-05-03 13:29:46
Roi Et,Thailand,2025-01-06,16.0704002,103.646004,RDX-USA,728.0,692.0,0.92,Tires,525.0,Component,0.87,829.92,34.0,236.09,0.87,846.0,JRR,Rob Muang Warehouse,16.0,17.0,1.0,2025-05-03 13:29:46
Shanghai,China,2025-01-06,31.1434002,121.805,MTX-2000,562.0,551.0,0.91,Frame,4888.0,Component,0.87,11016.58,18.0,172.47,0.84,618.0,JCE,Shanghai Pudong International Warehouse,8.0,9.0,1.0,2025-05-03 13:29:46
Danang,Vietnam,2025-02-06,16.0438995,108.198997,RDX-NZ,314.0,295.0,0.92,Complete Bike,5436.0,Complete Bike,0.95,9149.96,8.0,98.36,0.85,352.0,DNG,Da Nang International Warehouse,8.0,8.0,1.0,2025-05-03 13:29:46
Matsumoto,Japan,2025-02-06,36.1668015,137.923004,MTX-5000,622.0,566.0,0.93,Pedals,199.0,Component,0.85,481.12,40.0,184.74,0.83,662.0,KOB,Matsumoto Facility,36.0,40.0,1.0,2025-05-03 13:29:46
Wajima,Japan,2025-02-06,37.2930984,136.962006,MTX-3500,509.0,489.0,0.93,Seat,298.0,Component,0.96,610.8,11.0,156.0,0.84,559.0,DFQ,Noto Warehouse,10.0,11.0,1.0,2025-05-03 13:29:46
Roi Et,Thailand,2025-02-06,16.0704002,103.646004,RDX-USA,581.0,529.0,0.91,Wheel hubs,357.0,Component,0.88,761.34,9.0,197.58,0.83,708.0,JRR,Rob Muang Warehouse,8.0,9.0,1.0,2025-05-03 13:29:46
Futema,Japan,2025-03-09,26.2742996,127.755997,RDX-USA,719.0,712.0,0.94,Complete Bike,16138.0,Complete Bike,0.94,26336.97,46.0,241.67,0.86,866.0,IBV,Futenma Plant,22.0,23.0,1.0,2025-05-03 13:29:46
Kashi,China,2025-03-09,39.5429001,76.0199966,MTX-3500,625.0,575.0,0.96,Steering,86.0,Component,0.95,155.19,14.0,189.49,0.89,679.0,PVP,Kashgar Warehouse,13.0,14.0,1.0,2025-05-03 13:29:46
Nakhon Ratchasima,Thailand,2025-03-09,14.9344997,102.079002,MTX-3500,809.0,712.0,0.89,Pedals,302.0,Component,0.87,605.13,34.0,240.28,0.96,861.0,YHK,Khorat Warehouse,32.0,34.0,1.0,2025-05-03 13:29:46
Tokyo,Japan,2025-03-09,35.7647018,140.386002,RDX-NZ,762.0,739.0,0.9,Tires,387.0,Component,0.9,886.97,20.0,223.81,0.87,802.0,AZJ,Narita International Facility,19.0,20.0,1.0,2025-05-03 13:29:46
Urumqi,China,2025-03-09,43.9071007,87.4741974,RDX-USA,843.0,759.0,0.89,Frame,7551.0,Component,0.93,15175.9,18.0,242.51,0.9,869.0,ZBN,Ürümqi Diwopu International Warehouse,8.0,9.0,1.0,2025-05-03 13:29:46
Futema,Japan,2025-04-06,26.2742996,127.755997,MTX-2000,711.0,704.0,0.94,Complete Bike,10866.0,Complete Bike,0.9,17597.25,34.0,202.33,0.84,725.0,IBV,Futenma Plant,16.0,17.0,1.0,2025-05-03 13:29:46
Hanoi,Vietnam,2025-04-06,21.0405006,105.886002,MTX-2000,703.0,647.0,0.92,Complete Bike,7453.0,Complete Bike,0.93,16169.0,13.0,208.74,0.9,748.0,AKR,Gia Lam Plant,12.0,13.0,1.0,2025-05-03 13:29:46
Nhatrang,Vietnam,2025-04-06,12.2275,109.192001,RDX-NZ,538.0,490.0,0.95,Seat,318.0,Component,0.91,611.98,22.0,176.65,0.86,633.0,JFU,Nha Trang Plant,10.0,11.0,1.0,2025-05-03 13:29:46
Dalian,China,2025-04-06,38.9656982,121.539001,MTX-2000,434.0,425.0,0.9,Brake Lever,162.0,Component,0.87,276.46,30.0,155.44,0.86,557.0,BAQ,Zhoushuizi Warehouse,14.0,15.0,1.0,2025-05-03 13:29:46
